{"data":[885434000,692030500,234544840,601344769.5,172129350,182674704.6,133972752.6,205753590,80450922,77355786.19999999,151456533,110421752,92058113.7,303276508,174283087.7,271311291.3,63696476.8,141753035.7,338476616.4,270641094,86462147,27128625,36139929,45965566.900000006,72166439.10000001,192549501,10540359.4,69775609.4,22760644,18128574.6,4775594.2,11293833.100000001,69100044.5,18697712.7,5837212.3,10642395.6,12401900.700000003,7687292.750000001,5542854.199999999,6173778.3,15844723.86,312611521.7,322072634.2,57924578,365159510,31830203.6,37628351.7,11473636.700000001,25383806.799999997,30270479.9,82777935.4,71801949,17886438.4,76748973.5,29326328.4,11953917.4,5390966.8,25723722.5,9660846,33003014.7,35118788.5,11297238.8,7611442.84,19172848.34,6824560,18840682.700000003,13633325.1,61348156.3,32949962.4,28584186.1,25574649.3,40607000.4,27084038.700000003,34280644.35,13503164.6,7837763.899999999,27559845.42,12587807.8,11210537.2,10225227.48,14791757.24,14573441.399999999,5919098.6,7467049.7,26552201.6,6259477.100000001,7240613.68,5715078,5421074.500000001,6174596.500000001,12098670,3628428.2,5442460.100000001,6925294.8,16266156.259999998,7562844.060000001,16977870.1,6701592.3999999985,6060801,6081381.699999999],"total":886157958.6994997}